{"p1":0.29666666666667,"p2":0.35333333333333,"p3":0.35,"prob1":{"P1":0.32608695652174,"P2":0.23913043478261,"P3":0.43478260869565,"TT1":0.3804347826087,"TT2":0.25,"TT3":0.3695652173913,"TA1":0.35869565217391,"TA2":0.3804347826087,"TA3":0.26086956521739},"prob2":{"P1":0.36697247706422,"P2":0.27522935779817,"P3":0.35779816513761,"TT1":0.38532110091743,"TT2":0.26605504587156,"TT3":0.34862385321101,"TA1":0.3302752293578,"TA2":0.26605504587156,"TA3":0.40366972477064},"prob3":{"P1":0.32407407407407,"P2":0.34259259259259,"P3":0.33333333333333,"TT1":0.38888888888889,"TT2":0.35185185185185,"TT3":0.25925925925926,"TA1":0.37037037037037,"TA2":0.30555555555556,"TA3":0.32407407407407}}